"execution_id","inicio_utc","estado","version_id","md5_prompt"
"2416","2026-09-15 14:44:05.972","success","07f0fa51-629b-4c2d-97b9-74f793899193","32c29bb6f042aac16f1813724c65b474"
"2417","2026-09-15 14:44:07.030","success","07f0fa51-629b-4c2d-97b9-74f793899193","32c29bb6f042aac16f1813724c65b474"
"2418","2026-09-15 14:44:08.075","success","07f0fa51-629b-4c2d-97b9-74f793899193","32c29bb6f042aac16f1813724c65b474"
"2419","2026-09-15 14:44:09.110","success","07f0fa51-629b-4c2d-97b9-74f793899193","32c29bb6f042aac16f1813724c65b474"
"2420","2026-09-15 14:44:10.145","success","07f0fa51-629b-4c2d-97b9-74f793899193","32c29bb6f042aac16f1813724c65b474"
"2421","2026-09-15 14:44:11.186","success","07f0fa51-629b-4c2d-97b9-74f793899193","32c29bb6f042aac16f1813724c65b474"
"2422","2026-09-15 14:44:12.224","success","07f0fa51-629b-4c2d-97b9-74f793899193","32c29bb6f042aac16f1813724c65b474"
"2423","2026-09-15 14:44:13.268","success","07f0fa51-629b-4c2d-97b9-74f793899193","32c29bb6f042aac16f1813724c65b474"
"2424","2026-09-15 14:44:14.306","success","07f0fa51-629b-4c2d-97b9-74f793899193","32c29bb6f042aac16f1813724c65b474"
"2425","2026-09-15 14:44:15.345","success","07f0fa51-629b-4c2d-97b9-74f793899193","32c29bb6f042aac16f1813724c65b474"
"2426","2026-09-15 14:44:16.380","success","07f0fa51-629b-4c2d-97b9-74f793899193","32c29bb6f042aac16f1813724c65b474"
"2427","2026-09-15 14:44:17.426","success","07f0fa51-629b-4c2d-97b9-74f793899193","32c29bb6f042aac16f1813724c65b474"
"2428","2026-09-15 14:44:18.465","success","07f0fa51-629b-4c2d-97b9-74f793899193","32c29bb6f042aac16f1813724c65b474"
"2429","2026-09-15 14:44:19.508","success","07f0fa51-629b-4c2d-97b9-74f793899193","32c29bb6f042aac16f1813724c65b474"
"2430","2026-09-15 14:44:20.546","success","07f0fa51-629b-4c2d-97b9-74f793899193","32c29bb6f042aac16f1813724c65b474"
"2431","2026-09-15 14:44:21.587","success","07f0fa51-629b-4c2d-97b9-74f793899193","32c29bb6f042aac16f1813724c65b474"
"2432","2026-09-15 14:44:22.643","success","07f0fa51-629b-4c2d-97b9-74f793899193","32c29bb6f042aac16f1813724c65b474"
"2433","2026-09-15 14:44:23.682","success","07f0fa51-629b-4c2d-97b9-74f793899193","32c29bb6f042aac16f1813724c65b474"
"2434","2026-09-15 14:44:24.723","success","07f0fa51-629b-4c2d-97b9-74f793899193","32c29bb6f042aac16f1813724c65b474"
"2435","2026-09-15 14:44:25.765","success","07f0fa51-629b-4c2d-97b9-74f793899193","32c29bb6f042aac16f1813724c65b474"
"2436","2026-09-15 14:44:26.801","success","07f0fa51-629b-4c2d-97b9-74f793899193","32c29bb6f042aac16f1813724c65b474"
"2437","2026-09-15 14:44:27.834","success","07f0fa51-629b-4c2d-97b9-74f793899193","32c29bb6f042aac16f1813724c65b474"
"2438","2026-09-15 14:44:28.873","success","07f0fa51-629b-4c2d-97b9-74f793899193","32c29bb6f042aac16f1813724c65b474"
"2439","2026-09-15 14:44:29.908","success","07f0fa51-629b-4c2d-97b9-74f793899193","32c29bb6f042aac16f1813724c65b474"
"2440","2026-09-15 14:44:30.944","success","07f0fa51-629b-4c2d-97b9-74f793899193","32c29bb6f042aac16f1813724c65b474"
"2441","2026-09-15 14:44:31.987","success","07f0fa51-629b-4c2d-97b9-74f793899193","32c29bb6f042aac16f1813724c65b474"
"2442","2026-09-15 14:44:33.026","success","07f0fa51-629b-4c2d-97b9-74f793899193","32c29bb6f042aac16f1813724c65b474"
"2443","2026-09-15 14:44:34.066","success","07f0fa51-629b-4c2d-97b9-74f793899193","32c29bb6f042aac16f1813724c65b474"
"2444","2026-09-15 14:44:35.096","success","07f0fa51-629b-4c2d-97b9-74f793899193","32c29bb6f042aac16f1813724c65b474"
"2445","2026-09-15 14:44:36.133","success","07f0fa51-629b-4c2d-97b9-74f793899193","32c29bb6f042aac16f1813724c65b474"
"2446","2026-09-15 14:44:37.176","success","07f0fa51-629b-4c2d-97b9-74f793899193","32c29bb6f042aac16f1813724c65b474"
"2447","2026-09-15 14:44:38.219","success","07f0fa51-629b-4c2d-97b9-74f793899193","32c29bb6f042aac16f1813724c65b474"
"2448","2026-09-15 14:44:39.255","success","07f0fa51-629b-4c2d-97b9-74f793899193","32c29bb6f042aac16f1813724c65b474"
"2449","2026-09-15 14:44:40.297","success","07f0fa51-629b-4c2d-97b9-74f793899193","32c29bb6f042aac16f1813724c65b474"
"2450","2026-09-15 14:44:41.336","success","07f0fa51-629b-4c2d-97b9-74f793899193","32c29bb6f042aac16f1813724c65b474"
"2451","2026-09-15 14:44:42.374","success","07f0fa51-629b-4c2d-97b9-74f793899193","32c29bb6f042aac16f1813724c65b474"
"2452","2026-09-15 14:44:43.412","success","07f0fa51-629b-4c2d-97b9-74f793899193","32c29bb6f042aac16f1813724c65b474"
"2453","2026-09-15 14:44:44.445","success","07f0fa51-629b-4c2d-97b9-74f793899193","32c29bb6f042aac16f1813724c65b474"
"2454","2026-09-15 14:44:45.481","success","07f0fa51-629b-4c2d-97b9-74f793899193","32c29bb6f042aac16f1813724c65b474"
"2455","2026-09-15 14:44:46.521","success","07f0fa51-629b-4c2d-97b9-74f793899193","32c29bb6f042aac16f1813724c65b474"
"2456","2026-09-15 14:44:47.562","success","07f0fa51-629b-4c2d-97b9-74f793899193","32c29bb6f042aac16f1813724c65b474"
"2457","2026-09-15 14:44:48.606","success","07f0fa51-629b-4c2d-97b9-74f793899193","32c29bb6f042aac16f1813724c65b474"
"2458","2026-09-15 14:44:49.657","success","07f0fa51-629b-4c2d-97b9-74f793899193","32c29bb6f042aac16f1813724c65b474"
"2459","2026-09-15 14:44:50.689","success","07f0fa51-629b-4c2d-97b9-74f793899193","32c29bb6f042aac16f1813724c65b474"
"2460","2026-09-15 14:44:51.730","success","07f0fa51-629b-4c2d-97b9-74f793899193","32c29bb6f042aac16f1813724c65b474"
"2461","2026-09-15 14:44:52.769","success","07f0fa51-629b-4c2d-97b9-74f793899193","32c29bb6f042aac16f1813724c65b474"
"2462","2026-09-15 14:44:53.805","success","07f0fa51-629b-4c2d-97b9-74f793899193","32c29bb6f042aac16f1813724c65b474"
"2463","2026-09-15 14:44:54.843","success","07f0fa51-629b-4c2d-97b9-74f793899193","32c29bb6f042aac16f1813724c65b474"
"2464","2026-09-15 14:44:55.881","success","07f0fa51-629b-4c2d-97b9-74f793899193","32c29bb6f042aac16f1813724c65b474"
"2465","2026-09-15 14:44:56.918","success","07f0fa51-629b-4c2d-97b9-74f793899193","32c29bb6f042aac16f1813724c65b474"
"2466","2026-09-15 14:44:57.952","success","07f0fa51-629b-4c2d-97b9-74f793899193","32c29bb6f042aac16f1813724c65b474"
"2467","2026-09-15 14:44:58.988","success","07f0fa51-629b-4c2d-97b9-74f793899193","32c29bb6f042aac16f1813724c65b474"
"2468","2026-09-15 14:45:00.025","success","07f0fa51-629b-4c2d-97b9-74f793899193","32c29bb6f042aac16f1813724c65b474"
"2469","2026-09-15 14:45:01.066","success","07f0fa51-629b-4c2d-97b9-74f793899193","32c29bb6f042aac16f1813724c65b474"
"2470","2026-09-15 14:45:02.107","success","07f0fa51-629b-4c2d-97b9-74f793899193","32c29bb6f042aac16f1813724c65b474"
"2471","2026-09-15 14:45:03.149","success","07f0fa51-629b-4c2d-97b9-74f793899193","32c29bb6f042aac16f1813724c65b474"
"2472","2026-09-15 14:45:04.185","success","07f0fa51-629b-4c2d-97b9-74f793899193","32c29bb6f042aac16f1813724c65b474"
"2473","2026-09-15 14:45:05.227","success","07f0fa51-629b-4c2d-97b9-74f793899193","32c29bb6f042aac16f1813724c65b474"
"2474","2026-09-15 14:45:06.278","success","07f0fa51-629b-4c2d-97b9-74f793899193","32c29bb6f042aac16f1813724c65b474"
"2475","2026-09-15 14:45:07.316","success","07f0fa51-629b-4c2d-97b9-74f793899193","32c29bb6f042aac16f1813724c65b474"
"2476","2026-09-15 14:45:08.354","success","07f0fa51-629b-4c2d-97b9-74f793899193","32c29bb6f042aac16f1813724c65b474"
"2477","2026-09-15 14:45:09.396","success","07f0fa51-629b-4c2d-97b9-74f793899193","32c29bb6f042aac16f1813724c65b474"
"2478","2026-09-15 14:45:10.437","success","07f0fa51-629b-4c2d-97b9-74f793899193","32c29bb6f042aac16f1813724c65b474"
"2479","2026-09-15 14:45:11.464","success","07f0fa51-629b-4c2d-97b9-74f793899193","32c29bb6f042aac16f1813724c65b474"
"2480","2026-09-15 14:45:12.506","success","07f0fa51-629b-4c2d-97b9-74f793899193","32c29bb6f042aac16f1813724c65b474"
"2481","2026-09-15 14:45:13.541","success","07f0fa51-629b-4c2d-97b9-74f793899193","32c29bb6f042aac16f1813724c65b474"
"2482","2026-09-15 14:45:14.581","success","07f0fa51-629b-4c2d-97b9-74f793899193","32c29bb6f042aac16f1813724c65b474"
"2483","2026-09-15 14:45:15.621","success","07f0fa51-629b-4c2d-97b9-74f793899193","32c29bb6f042aac16f1813724c65b474"
"2484","2026-09-15 14:45:16.659","success","07f0fa51-629b-4c2d-97b9-74f793899193","32c29bb6f042aac16f1813724c65b474"
"2485","2026-09-15 14:45:17.693","success","07f0fa51-629b-4c2d-97b9-74f793899193","32c29bb6f042aac16f1813724c65b474"
"2486","2026-09-15 14:45:18.735","success","07f0fa51-629b-4c2d-97b9-74f793899193","32c29bb6f042aac16f1813724c65b474"
"2487","2026-09-15 14:45:19.777","success","07f0fa51-629b-4c2d-97b9-74f793899193","32c29bb6f042aac16f1813724c65b474"
"2488","2026-09-15 14:45:20.819","success","07f0fa51-629b-4c2d-97b9-74f793899193","32c29bb6f042aac16f1813724c65b474"
"2489","2026-09-15 14:45:21.846","success","07f0fa51-629b-4c2d-97b9-74f793899193","32c29bb6f042aac16f1813724c65b474"
"2490","2026-09-15 14:45:22.889","success","07f0fa51-629b-4c2d-97b9-74f793899193","32c29bb6f042aac16f1813724c65b474"
"2491","2026-09-15 14:45:23.925","success","07f0fa51-629b-4c2d-97b9-74f793899193","32c29bb6f042aac16f1813724c65b474"
"2492","2026-09-15 14:45:24.967","success","07f0fa51-629b-4c2d-97b9-74f793899193","32c29bb6f042aac16f1813724c65b474"
"2493","2026-09-15 14:45:25.998","success","07f0fa51-629b-4c2d-97b9-74f793899193","32c29bb6f042aac16f1813724c65b474"
"2494","2026-09-15 14:45:27.037","success","07f0fa51-629b-4c2d-97b9-74f793899193","32c29bb6f042aac16f1813724c65b474"
"2495","2026-09-15 14:45:28.073","success","07f0fa51-629b-4c2d-97b9-74f793899193","32c29bb6f042aac16f1813724c65b474"
"2496","2026-09-15 14:45:29.116","success","07f0fa51-629b-4c2d-97b9-74f793899193","32c29bb6f042aac16f1813724c65b474"
"2497","2026-09-15 14:45:30.153","success","07f0fa51-629b-4c2d-97b9-74f793899193","32c29bb6f042aac16f1813724c65b474"
"2498","2026-09-15 14:45:31.196","success","07f0fa51-629b-4c2d-97b9-74f793899193","32c29bb6f042aac16f1813724c65b474"
"2499","2026-09-15 14:45:32.238","success","07f0fa51-629b-4c2d-97b9-74f793899193","32c29bb6f042aac16f1813724c65b474"
"2500","2026-09-15 14:45:33.282","success","07f0fa51-629b-4c2d-97b9-74f793899193","32c29bb6f042aac16f1813724c65b474"
"2501","2026-09-15 14:45:34.320","success","07f0fa51-629b-4c2d-97b9-74f793899193","32c29bb6f042aac16f1813724c65b474"
"2502","2026-09-15 14:45:35.355","success","07f0fa51-629b-4c2d-97b9-74f793899193","32c29bb6f042aac16f1813724c65b474"
"2503","2026-09-15 14:45:36.393","success","07f0fa51-629b-4c2d-97b9-74f793899193","32c29bb6f042aac16f1813724c65b474"
"2504","2026-09-15 14:45:37.435","success","07f0fa51-629b-4c2d-97b9-74f793899193","32c29bb6f042aac16f1813724c65b474"
"2505","2026-09-15 14:45:38.475","success","07f0fa51-629b-4c2d-97b9-74f793899193","32c29bb6f042aac16f1813724c65b474"
"2506","2026-09-15 14:45:39.516","success","07f0fa51-629b-4c2d-97b9-74f793899193","32c29bb6f042aac16f1813724c65b474"
"2507","2026-09-15 14:45:40.545","success","07f0fa51-629b-4c2d-97b9-74f793899193","32c29bb6f042aac16f1813724c65b474"
"2508","2026-09-15 14:45:41.585","success","07f0fa51-629b-4c2d-97b9-74f793899193","32c29bb6f042aac16f1813724c65b474"
"2509","2026-09-15 14:45:42.627","success","07f0fa51-629b-4c2d-97b9-74f793899193","32c29bb6f042aac16f1813724c65b474"
"2510","2026-09-15 14:45:43.667","success","07f0fa51-629b-4c2d-97b9-74f793899193","32c29bb6f042aac16f1813724c65b474"
"2511","2026-09-15 14:45:44.708","success","07f0fa51-629b-4c2d-97b9-74f793899193","32c29bb6f042aac16f1813724c65b474"
"2512","2026-09-15 14:45:45.745","success","07f0fa51-629b-4c2d-97b9-74f793899193","32c29bb6f042aac16f1813724c65b474"
"2513","2026-09-15 14:45:46.786","success","07f0fa51-629b-4c2d-97b9-74f793899193","32c29bb6f042aac16f1813724c65b474"
"2514","2026-09-15 14:45:47.827","success","07f0fa51-629b-4c2d-97b9-74f793899193","32c29bb6f042aac16f1813724c65b474"
"2515","2026-09-15 14:45:48.870","success","07f0fa51-629b-4c2d-97b9-74f793899193","32c29bb6f042aac16f1813724c65b474"
"2516","2026-09-15 14:45:49.908","success","07f0fa51-629b-4c2d-97b9-74f793899193","32c29bb6f042aac16f1813724c65b474"
"2517","2026-09-15 14:45:50.951","success","07f0fa51-629b-4c2d-97b9-74f793899193","32c29bb6f042aac16f1813724c65b474"
"2518","2026-09-15 14:45:52.007","success","07f0fa51-629b-4c2d-97b9-74f793899193","32c29bb6f042aac16f1813724c65b474"
"2519","2026-09-15 14:45:53.051","success","07f0fa51-629b-4c2d-97b9-74f793899193","32c29bb6f042aac16f1813724c65b474"
"2520","2026-09-15 14:45:54.092","success","07f0fa51-629b-4c2d-97b9-74f793899193","32c29bb6f042aac16f1813724c65b474"
"2521","2026-09-15 14:45:55.133","success","07f0fa51-629b-4c2d-97b9-74f793899193","32c29bb6f042aac16f1813724c65b474"
"2522","2026-09-15 14:45:56.172","success","07f0fa51-629b-4c2d-97b9-74f793899193","32c29bb6f042aac16f1813724c65b474"
"2523","2026-09-15 14:45:57.211","success","07f0fa51-629b-4c2d-97b9-74f793899193","32c29bb6f042aac16f1813724c65b474"
"2524","2026-09-15 14:45:58.245","success","07f0fa51-629b-4c2d-97b9-74f793899193","32c29bb6f042aac16f1813724c65b474"
"2525","2026-09-15 14:45:59.296","success","07f0fa51-629b-4c2d-97b9-74f793899193","32c29bb6f042aac16f1813724c65b474"
"2526","2026-09-15 14:46:00.337","success","07f0fa51-629b-4c2d-97b9-74f793899193","32c29bb6f042aac16f1813724c65b474"
"2527","2026-09-15 14:46:01.376","success","07f0fa51-629b-4c2d-97b9-74f793899193","32c29bb6f042aac16f1813724c65b474"
"2528","2026-09-15 14:46:02.416","success","07f0fa51-629b-4c2d-97b9-74f793899193","32c29bb6f042aac16f1813724c65b474"
"2529","2026-09-15 14:46:03.451","success","07f0fa51-629b-4c2d-97b9-74f793899193","32c29bb6f042aac16f1813724c65b474"
"2530","2026-09-15 14:46:04.501","success","07f0fa51-629b-4c2d-97b9-74f793899193","32c29bb6f042aac16f1813724c65b474"
"2531","2026-09-15 14:46:05.538","success","07f0fa51-629b-4c2d-97b9-74f793899193","32c29bb6f042aac16f1813724c65b474"
"2532","2026-09-15 14:46:06.576","success","07f0fa51-629b-4c2d-97b9-74f793899193","32c29bb6f042aac16f1813724c65b474"
"2533","2026-09-15 14:46:07.617","success","07f0fa51-629b-4c2d-97b9-74f793899193","32c29bb6f042aac16f1813724c65b474"
"2534","2026-09-15 14:46:08.653","success","07f0fa51-629b-4c2d-97b9-74f793899193","32c29bb6f042aac16f1813724c65b474"
"2535","2026-09-15 14:46:09.691","success","07f0fa51-629b-4c2d-97b9-74f793899193","32c29bb6f042aac16f1813724c65b474"
"2536","2026-09-15 14:46:10.733","success","07f0fa51-629b-4c2d-97b9-74f793899193","32c29bb6f042aac16f1813724c65b474"
"2537","2026-09-15 14:46:11.771","success","07f0fa51-629b-4c2d-97b9-74f793899193","32c29bb6f042aac16f1813724c65b474"
"2538","2026-09-15 14:46:12.809","success","07f0fa51-629b-4c2d-97b9-74f793899193","32c29bb6f042aac16f1813724c65b474"
"2539","2026-09-15 14:46:13.849","success","07f0fa51-629b-4c2d-97b9-74f793899193","32c29bb6f042aac16f1813724c65b474"
"2540","2026-09-15 14:46:14.884","success","07f0fa51-629b-4c2d-97b9-74f793899193","32c29bb6f042aac16f1813724c65b474"
"2541","2026-09-15 14:46:15.923","success","07f0fa51-629b-4c2d-97b9-74f793899193","32c29bb6f042aac16f1813724c65b474"
"2542","2026-09-15 14:46:16.963","success","07f0fa51-629b-4c2d-97b9-74f793899193","32c29bb6f042aac16f1813724c65b474"
"2543","2026-09-15 14:46:17.997","success","07f0fa51-629b-4c2d-97b9-74f793899193","32c29bb6f042aac16f1813724c65b474"
"2544","2026-09-15 14:46:19.032","success","07f0fa51-629b-4c2d-97b9-74f793899193","32c29bb6f042aac16f1813724c65b474"
"2545","2026-09-15 14:46:20.072","success","07f0fa51-629b-4c2d-97b9-74f793899193","32c29bb6f042aac16f1813724c65b474"
"2546","2026-09-15 14:46:21.113","success","07f0fa51-629b-4c2d-97b9-74f793899193","32c29bb6f042aac16f1813724c65b474"
"2547","2026-09-15 14:46:22.156","success","07f0fa51-629b-4c2d-97b9-74f793899193","32c29bb6f042aac16f1813724c65b474"
"2548","2026-09-15 14:46:23.195","success","07f0fa51-629b-4c2d-97b9-74f793899193","32c29bb6f042aac16f1813724c65b474"
"2549","2026-09-15 14:46:24.223","success","07f0fa51-629b-4c2d-97b9-74f793899193","32c29bb6f042aac16f1813724c65b474"
"2550","2026-09-15 14:46:25.278","success","07f0fa51-629b-4c2d-97b9-74f793899193","32c29bb6f042aac16f1813724c65b474"
"2551","2026-09-15 14:46:26.319","success","07f0fa51-629b-4c2d-97b9-74f793899193","32c29bb6f042aac16f1813724c65b474"
"2552","2026-09-15 14:46:27.356","success","07f0fa51-629b-4c2d-97b9-74f793899193","32c29bb6f042aac16f1813724c65b474"
"2553","2026-09-15 14:46:28.385","success","07f0fa51-629b-4c2d-97b9-74f793899193","32c29bb6f042aac16f1813724c65b474"
"2554","2026-09-15 14:46:29.422","success","07f0fa51-629b-4c2d-97b9-74f793899193","32c29bb6f042aac16f1813724c65b474"
"2555","2026-09-15 14:46:30.459","success","07f0fa51-629b-4c2d-97b9-74f793899193","32c29bb6f042aac16f1813724c65b474"
"2556","2026-09-15 14:46:31.502","success","07f0fa51-629b-4c2d-97b9-74f793899193","32c29bb6f042aac16f1813724c65b474"
"2557","2026-09-15 14:46:32.542","success","07f0fa51-629b-4c2d-97b9-74f793899193","32c29bb6f042aac16f1813724c65b474"
"2558","2026-09-15 14:46:33.585","success","07f0fa51-629b-4c2d-97b9-74f793899193","32c29bb6f042aac16f1813724c65b474"
"2559","2026-09-15 14:46:34.622","success","07f0fa51-629b-4c2d-97b9-74f793899193","32c29bb6f042aac16f1813724c65b474"
"2560","2026-09-15 14:46:35.655","success","07f0fa51-629b-4c2d-97b9-74f793899193","32c29bb6f042aac16f1813724c65b474"
"2561","2026-09-15 14:46:36.704","success","07f0fa51-629b-4c2d-97b9-74f793899193","32c29bb6f042aac16f1813724c65b474"
"2562","2026-09-15 14:46:37.748","success","07f0fa51-629b-4c2d-97b9-74f793899193","32c29bb6f042aac16f1813724c65b474"
"2563","2026-09-15 14:46:38.784","success","07f0fa51-629b-4c2d-97b9-74f793899193","32c29bb6f042aac16f1813724c65b474"
"2564","2026-09-15 14:46:39.823","success","07f0fa51-629b-4c2d-97b9-74f793899193","32c29bb6f042aac16f1813724c65b474"
"2565","2026-09-15 14:46:40.859","success","07f0fa51-629b-4c2d-97b9-74f793899193","32c29bb6f042aac16f1813724c65b474"
